{"cameraMode":{"drawMode":0,"name":"Shaded","section":"Shading Mode"},"sceneLighting":true,"audioPlay":false,"sceneViewState":{"m_AlwaysRefresh":false,"showFog":true,"showSkybox":true,"showFlares":true,"showImageEffects":true,"showParticleSystems":true,"showVisualEffectGraphs":true,"m_FxEnabled":true},"in2DMode":false,"pivot":{"x":-107.55929565429688,"y":8.916808128356934,"z":219.44308471679688},"rotation":{"x":0.24536417424678803,"y":-0.27596089243888857,"z":0.07308714091777802,"w":0.9264543652534485},"size":96.99453735351563,"orthographic":true}